Title,Date,Full Text,Link,Flash_Flood_Mentioned,Rainfall_mm,WaterLevel_m,StormName,Location,has_rainfall,has_waterlevel,has_any_numeric,Group
UK ‚Äì Evacuations After Floods in Devon and Somerset,"10 May, 2023","Storms and heavy rain brought flash flooding to parts of England and Wales, United Kingdom, on 09 May 2023. Homes and roads were flooded in Somerset and Devon in the South West. Flooding was also reported in North Wales and parts of South East England. Devon and Somerset Fire and Rescue Service said it received ‚Äúwidespread‚Äù calls for help due to flooding from around midday on 09 May 2023. Around 5 homes were flooded along with several roads in areas of Exeter, Devon. Roads and school buildings were affected in Tipton St John, near Exeter. The weather station at the Exeter Met Office recorded 41.5 mm of rain in 24 hours to early 10 May. A farm building was destroyed and a vehicle damaged after floods in Newton Poppleford, Devon. Devon and Somerset Fire and Rescue Service carried out at least 4 rescue operations for motorists trapped in floods in Taunton. In North Cadbury, Somerset, residents were forced to evacuate after 18 homes in the area were flooded. Seven flood warnings were in place as of 10 May 2023, including for the River Cam, which flows through the village of North Cadbury. Levels of the River Cam at nearby Weston Bampfylde reached 2.85 metres on 09 May. According to the Environment Agency, property flooding is possible above 0.60 metres. Flood warnings are still in place for areas between  Weston Bampfylde and Speckington. The River Otter at Dotton, near Newton Poppleford, reached 1.55 metres on 09 May. According to the Environment Agency, flooding of low-lying land is possible above 1.40 metres. Areas of Hertfordshire, Northamptonshire, Essex and Cambridgeshire in England saw heavy rain as the storms moved east. Some rail services from Cambridge were suspended due to severe weather. North Wales Fire and Rescue Service say they received a number of reports of flash floods in the Wrexham area, where several roads were flooded. Breaking NewsEnglandWales",https://floodlist.com/europe/united-kingdom/floods-devon-somerset-may-2023,1,41.5,"2.85, 0.60, 1.55, 1.40",,"United Kingdom, Hertfordshire, Cambridgeshire, Cambridge, England, Somerset, Northamptonshire, Essex, Speckington, North Wales, Taunton, North Cadbury, Wales",True,True,True,FlashFlood + Numerics
Intense Downpours in the UK Will Increase Due to Climate Change Says New¬†study,"9 March, 2023","In the United Kingdom, intense downpours exceeding 20mm of rain per hour could be four times more frequent by the year 2080 compared with the 1980s, writes Elizabeth Kendon, University of Bristol, for The Conversation. In July 2021, Kew in London experienced a month‚Äôs rain in just three hours. Across the city, tube lines were suspended and stations closed as London experienced its wettest day in decades and flash floods broke out. Just under two weeks later, it happened again: intense downpours led to widespread disruption, including the flooding of two London hospitals. Colleagues and I have created a new set of 100-year climate projections to more accurately assess the likelihood of heavy rain downpours like these over the coming years and decades. The short answer is climate change means these extreme downpours will happen more often in the UK ‚Äì and be even more intense. To generate these projections, we used the Met Office operational weather forecast model, but run on long climate timescales. This provided very detailed climate projections ‚Äì for every 2.2km grid box over the UK, for every hour, for 100 years from 1981 to 2080. These are much more detailed than traditional climate projections and needed to be run as a series of 20-year simulations that were then stitched together. Even on the Met Office supercomputer, these still took about six months to run. We ran 12 such 100-year projections. We are not interested in the weather on a given day but rather how the occurrence of local weather extremes varies year by year. By starting the model runs in the past, it is also possible to verify the output against observations to assess the model‚Äôs performance. At this level of detail ‚Äì the ‚Äúk-scale‚Äù ‚Äì it is possible to more accurately assess how the most extreme downpours will change. This is because k-scale simulations better represent the small-scale atmospheric processes, such as convection, that can lead to destructive flash flooding. Our results are now published in Nature Communications. We found that under a high emissions scenario downpours in the UK exceeding 20mm per hour could be four times as frequent by the year 2080 compared with the 1980s. This level of rainfall can potentially produce serious damage through flash flooding, with thresholds like 20mm/hr used by planners to estimate the risk of flooding when water overwhelms the usual drainage channels. Previous less detailed climate models project a much lower increase of around two and a half times over the same period. We note that these changes are assuming that greenhouse gas emissions continue to rise at current rates. This is therefore a plausible but upper estimate. If global carbon emissions follow a lower emissions scenario, extreme rain will still increase in the UK ‚Äì though at a slower rate. However, the changes are not inevitable, and if we emit less carbon in the coming decades, extreme downpours will be less frequent. The increases are significantly greater in certain regions. For example, extreme rainfall in north-west Scotland could be almost ten times more common, while it‚Äôs closer to three times more frequent in the south of the UK. The greater future increases in the number of extreme rainfall events in the higher resolution model compared with more traditional lower resolution climate models shows the importance of having k-scale projections to enable society to adapt to climate change. As the atmosphere warms, it can hold more moisture, at a rate of 7% more moisture for every degree of warming. On a simple level, this explains why in many regions of the world projections show an increase in precipitation as a consequence of human-induced climate change. This new study has shown that, in the UK, the intensity of downpours could increase by about 5% in the south and up to about 15% in the north for every degree of regional warming. However, it is far from a simple picture of more extreme events, decade by decade, as a steadily increasing trend. Instead, we expect periods of rapid change ‚Äì with records being broken, some by a considerable margin ‚Äì and periods when there is a pause, with no new records set. This is simply a reflection of the complex interplay between natural variability and the underlying climate change signal. An analogy for this is waves coming up a beach on an incoming tide. The tide is the long-term rising trend, but there are periods when there are larger waves, followed by lulls. Despite the underlying trend, the time between record-breaking events at the local scale can be surprisingly long ‚Äì even several decades. Our research marks the first time that such a high-resolution data set has spanned over a century. As well as being a valuable asset for planners and policymakers to prepare for the future, it can also be used by climate attribution scientists to examine current extreme rainfall events to see how much more likely they will have been because of human greenhouse gas emissions. The research highlights the importance of meeting carbon emissions targets and also planning for increasingly prevalent extreme rainfall events, which to varying degrees of intensity, look highly likely in all greenhouse gas emissions scenarios. The tendency for extreme years to cluster poses challenges for communities trying to adapt to intense downpours and risks infrastructure being unprepared, since climate information based on several decades of past observations may not be representative of the following decades.  Elizabeth Kendon, Professor of Climate Science, University of Bristol This article is republished from The Conversation under a Creative Commons license. Read the original article. EnglandNorthern IrelandScotlandWales",https://floodlist.com/europe/united-kingdom/intense-rain-increase-climate-change,1,"20, 20, 20",,,"Scotland, UK, the United Kingdom, London",True,False,True,FlashFlood + Numerics
"UK ‚Äì One Missing After Flash Floods in Scotland, 140mm of Rain in 48 Hours","19 November, 2022","Police in UK report that one person is missing after being swept away by flash floods in Scotland on 18 November 2022. Heavy rain fell across Scotland from 16 November, in particular areas of the north east. The UK‚Äôs Met Office said close to a month‚Äôs worth of rain fell across parts of Aberdeenshire and Angus in 48 hours to 18 November. As much as 140 mm of rain was recorded in Charr in Aberdeenshire. The village of Aboyne in Aberdeenshire recorded 71.4 mm of rain in 24 hours on 18 November. Scottish Environment Protection Agency (SEPA) said ‚ÄúWe are seeing significant impacts from rivers in parts of Aberdeenshire and Angus. Seven severe flood warnings are live in Kintore, Kemnay, Inverurie, Ballater and Aberdeen (Dee), Brechin and Finavon and Tannadice.‚Äù One person was reported missing after being swept away by flash flooding in Aberdeenshire. Scotland‚Äôs North East Police Division said searches are continuing following a report of concern for a woman in the water at the River Don near Monymusk on the afternoon of Friday, 18 November. Inspector Rory Campbell said: ‚ÄúOfficers, along with colleagues from the Scottish Fire and Rescue Service and the Coastguard, have resumed searches in the area where the woman was last seen. ‚ÄúConditions are tricky and dangerous and I am appealing to members of the public to stay away from flooded areas. Please be careful when you are out and about.‚Äù Aberdeenshire Council opened rest centres in Ballater, Aboyne, Inverurie and Kemnay for those needing help and who are unable to stay in their homes. Local media reported residents of Ballater were preparing for severe flooding as levels of the Muick and Dee rivers were rising. Around 40 caravans were evacuated from Ballater Caravan Park. Rail services were severely impacted. Hundreds of travellers were left stranded in Newcastle, England, due to the cancelled services to Scotland. Several roads were flooded in Aberdeenshire as well as parts of Angus, Fife and Dundee districts. Scottish Fire and Rescue Service said ‚ÄúOur Operations Control rooms are receiving a high number of emergency calls due to flooding in Brechin, Forfar and Dundee. We ask the public for their co-operation. Please only call if there is a serious emergency with risk to life.‚Äù Cars were seen partially submerged along a major road near Ladybank in Fife. Some residents evacuated their homes in Brechin. Localised flooding was reported in areas of Edinburgh, leaving vehicles stranded. Earlier in the week heavy rain caused flooding on roads in southern England, in particular in West Sussex. Local media reported 20 vehicles trapped on a flooded road in Chichester on 16 November 2022. West Sussex Fire and Rescue Service said they responded to 70 flood-related incidents, including rescuing people from cars and flooding in buildings. Residents in Ballater doing what they can to protect homes @STVNews pic.twitter.com/zq6dYeL542 ‚Äî Kirstin Tait (@kirstintait) November 18, 2022  Massive thank you to @fire_scot who helped me escape my rapidly flooding car this afternoon near Forfar when the river burst it‚Äôs banks ‚Äì very much appreciated and don‚Äôt know how I‚Äôd have got out otherwise üôèüèª pic.twitter.com/iR5EgRZWVO ‚Äî Graham Barr (@GrahamBarr20) November 18, 2022  Good evening from a very soggy Aberdeenshire. Still it rains and winds showing no sign of abating. Mountainous seas breaking over the lighthouse at Aberdeen harbour, and rivers flooding in several areas.
I‚Äôm moving into the Ark tomorrow.üôÑüòâ‚òîÔ∏è‚òîÔ∏è‚òîÔ∏è.
Short video for you. pic.twitter.com/FpQaylNgYR ‚Äî Terence Farquharsonüè¥Û†ÅßÛ†Å¢Û†Å≥Û†Å£Û†Å¥Û†ÅøüáÆüáπ (@TelfotoABZ761) November 18, 2022  Thanks to my friend Ellie Kinghorn from Ballater who has just sent this in. Sadly looks like the river has started to flood streets in Ballater @SeanBattyTV @philippetrieTV @EastScotland_Wx @BBCScotWeather @BBCScotWeather @highlandweather @BenPhilip_ @BBCNorthEast pic.twitter.com/TQh5Nln71U ‚Äî Braemar, Ballater and Deeside Weather Page (@Alonso2012F) November 18, 2022  We are seeing significant impacts from rivers in parts of Aberdeenshire & Angus. ‚ö† 7 severe flood warnings are live in Kintore, Kemnay, Inverurie, Ballater and Aberdeen (Dee), Brechin and Finavon & Tannadice. Updates üëâ https://t.co/J9gZdMV03r pic.twitter.com/Z3s0tnEupA ‚Äî SEPAFlood (@SEPAFlood) November 18, 2022  Breaking NewsScotland",https://floodlist.com/europe/united-kingdom/floods-scotland-november-2022,1,"140, 71.4",,,"Aberdeenshire, Dundee, England, Ladybank, Forfar, Scotland, Charr, Brechin, Braemar, Kintore, UK, Ballater, Newcastle, West Sussex, Aboyne, Edinburgh",True,False,True,FlashFlood + Numerics
UK ‚Äì Hundreds of Homes Damaged After Storm Franklin Causes Rivers to Rise,"23 February, 2022","Hundreds of homes have been flooded in England and Wales after heavy rainfall from Storm Franklin caused rivers to rise from 20 February 2022. Authorities say flood defences have protected more than 40,000 properties despite record river levels. The Environment Agency said the worst of the flooding in England was along the River Ouse in Yorkshire and the River Severn in the West Midlands, where a severe flood warning (highest) was issued for Ironbridge in Shropshire and Bewdley in Worcestershire. Some residents have evacuated their homes, while roads have been closed and rail services suspended. The Buildwas measuring station showed the Severn reached 6.55 metres late on 22 February but has since fallen slightly. The record high here is 7.04 metres recorded in November 2000. The River Severn at Bewdley stood at 5.33 metres as of 23 February and was expected to rise slightly later in the day. The record high is 5.56 metres, also recorded in November 2000. Damage to homes and some evacuations were reported after rivers caused flooding in other areas of the country from 20 February, including the Mersey in Greater Manchester, the Derwent in Derbyshire, the Wharfe in North and West Yorkshire and the Don in South Yorkshire. The River Mersey at Brinksway in Greater Manchester reached a record 4.4 metres on 20 February, beating the previous high of 3.97 metres set on 6 November 2000. Katharine Smith, flood duty manager at the Environment Agency, said, ‚ÄúSo far we have received reports of around 400 properties having flooded over the past few days. Our thoughts go out to all those affected ‚Äì flooding can and does have a devastating impact on people‚Äôs lives. ‚ÄúWe have teams out on the ground taking preventative action, closing flood gates, deploying temporary barriers and moving pumps and other response equipment to areas of highest risk. Environment Agency defences have protected more than 40,000 properties despite record river levels.‚Äù In Wales, Natural Resources Wales (NRW) reported high levels of the River Severn in Powys. Residents of Llandinam near Newtown evacuated their homes after flooding late on 20 February. Franklin is the third named storm to hit the UK within a week, following Storm Dudley and Storm Eunice, which killed three people and left 1.4 million homes without power. Franklin also cause some coastal and flash flooding in parts of France, Belgium and the Netherlands. Two people drowned after their car was swept away by strong waves in Bricqueville-sur-Mer, northern France on 20 February 2022. Breaking NewsEnglandWales",https://floodlist.com/europe/united-kingdom/floods-storm-franklin-february-2022,1,,"6.55, 7.04, 5.33, 5.56, 4.4, 3.97","Franklin, Dudley, Eunice","Yorkshire, Bewdley, South Yorkshire, the West Midlands, Worcestershire, England, Netherlands, France, Shropshire, Belgium, Bricqueville, UK, North, Llandinam, West Yorkshire, Newtown, Powys, Wales",False,True,True,FlashFlood + Numerics
"Western Europe ‚Äì Storms Cause Floods in Switzerland, Germany and UK","26 July, 2021","Thunderstorms affected parts of western Europe over the weekend 24 to 25 July 2021. Flooding caused traffic chaos on roads in London, UK and Berlin, Germany. Vehicles were swept away by powerful flash floods in Lucerne Canton in Switzerland. Heavy thunderstorms hit Switzerland overnight 24 to 25 July 2021. Strong winds, hail, lightning and heavy rain affected areas of Bern, Lucerne, Neuch√¢tel and Schwyz Cantons in particular. Police in Schwyz Canton reported 300 incidents due to the severe weather. In Lucerne police reported 210 incidents. There are currently no reports of injuries. Some roads were flooded in the canton of Neuch√¢tel. Police reported the communities of K√ºssnacht, Immensee, Einsiedeln, Galgenen, Siebnen, Buttikon, Sch√ºbelbach and Reichenburg were worst affected in Schwyz Canton. In Lucerne, police said the communities of Werthenstein, Wolhusen, Ruswil, Neuenkirch, Rontal and the city of Lucerne were hardest hit by the thunderstorms. The most dramatic scenes were of the flooding in Wolhusen in the district of Entlebuch in Lucerne Canton. Raging torrents of water swept vehicles along streets and dumped them into the Kleine Emme river. Meteo Schweiz said Wolhusen saw 26 mm of rain in just 10 minutes during the storm. üá®üá≠ Suisse : ‚õàÔ∏è Un violent orage a touch√© #Wolhusen ce dimanche apr√®s-midi dans le canton de Lucerne (üìπ Sepp Jenni)https://t.co/Q6lfdbtUfp pic.twitter.com/3nMow8oCCI ‚Äî Alexandre (@alex_le_bars) July 25, 2021  Und wieder Unwetter in Wolhusen pic.twitter.com/81wiHOInL0 ‚Äî Husme (@Husme) July 25, 2021  Storms in South East England on 25 July 2021 brought heavy rain and flooding to parts of the capital, London. The London Fire Brigade said they received more than 600 calls to flooding incidents, including flooding to roads and properties, ceilings collapsing and vehicles stuck in water. Crews used specialist water rescue equipment to rescue five people from a car stuck in flood water in Worcester Park, South West London. Vehicles were stranded on flooded roads, including the on the M11 motorway. Several train stations were closed due to flooding. Videos shared on Social Media showed flood water flooding into the Pudding Mill Lane station. Two hospitals in East London suffered some rain damage, causing operational difficulties. The UK‚Äôs Met Office said St James Park in central London recorded 41.6 mm of rain on 25 July. Mean Total Rainfall for London for July is 34.6 mm, according to the World Meteorological Organization (WMO). We have now taken more than 600 calls to flooding incidents, including flooding to roads & properties, reports of ceilings collapsing & vehicles stuck in water. Crews used specialist water rescue equipment to rescue five people from a car stuck in flood water in #WorcesterPark pic.twitter.com/D0h3qZF0dR ‚Äî London Fire Brigade (@LondonFire) July 25, 2021  üö® | NEW: Scenes from Pudding Mill Lane DLR Station after floods in Londonpic.twitter.com/tNpRlLVusD ‚Äî News For All (@NewsForAllUK) July 25, 2021  Anyone got a boat? #london #floodlondon #flood #storm #hackneywick pic.twitter.com/JSK11MG4z7 ‚Äî Callum Winn (@c_allumwinn) July 25, 2021  Avoid A406! Near Walthamstow turnoff. Severe #flooding and stranded cars! #london #londonflood @BBCNews pic.twitter.com/u9bvuuphUx ‚Äî Sophie Toumazos (@sophdaws183) July 25, 2021  Heavy #thundery downpours brought some #flooding to southeastern parts of the UK on Sunday. Elsewhere it was drier, and there was some very #warm #sunshine pic.twitter.com/Fny2SvNdAN ‚Äî Met Office (@metoffice) July 25, 2021  Parts of Berlin, the German capital, and surrounding areas of the state of Brandenburg saw heavy rain and strong winds on 25 July 2021. The Berlin Fire Service carried out 250 weather-related missions during the evening of 25 July. In most cases the calls were to cellar flood water from basements and streets. Flooding caused disruption on several major roads, including those around Berlin Airport. Berlin Fire Service declared a temporary state of emergency due to the volume of calls. Figures from Deutscher Wetterdienst (DWD) showed that 51.2 mm of rain fell in 1 hour in the locality of Karow in Pankow, north Berlin between 18:00 and 19:00 on 25 July 2021. #unwetter #berlin pic.twitter.com/yC1e34R28A ‚Äî Malte Hannover (@MalteHannover) July 25, 2021  #Berlin In der Bundeshauptstadt sowie in Brandenburg gingen starke Gewitter nieder. Die Berliner Feuerwehr teilte auf Twitter mit, sie befinde sich im ""Ausnahmezustand_Wetter"". pic.twitter.com/vQDFeR7rSP ‚Äî EHA News ‚Äì Deutsch (@eha_deutsch) July 25, 2021  Breaking NewsEnglandGermanySwitzerland",https://floodlist.com/europe/storms-floods-switzerland-germany-uk-july-2021,1,"26, 41.6, 34.6, 51.2",,,"Schwyz, Wolhusen pic.twitter.com/81wiHOInL0, Karow, Pankow, Brandenburg, Switzerland, Germany, Reichenburg, London, Lucerne, Canton, Immensee, north Berlin, Berlin, South West London, Wolhusen, East London, K√ºssnacht, Werthenstein, UK",True,False,True,FlashFlood + Numerics
UK ‚Äì Flash Floods Cause Chaos in Eastern England,"11 July, 2021","Heavy rainfall in eastern England, UK on 09 July 2021 caused streets to flood, disrupting traffic and damaging homes and businesses. The city of Peterborough in Cambridgeshire was the worst affected. Cambridgeshire Fire and Rescue Service said they responded to over 160 incidents of flooding in the space of a few hours during the evening of 09 July 2021. Around 20 elderly people were evacuated from a retirement home. Flooding also damaged a local sports stadium. Cambridgeshire Fire and Rescue Service said, ‚ÄúHeavy rainfall has caused flash flooding in Peterborough this evening. Please do not attempt to drive through flooded roads. Bourges Boulevard area is among the areas badly affected. Roads are looking like rivers so please avoid the area until the water subsides. ‚ÄúPlease also be aware that some manhole covers have lifted posing a risk to anyone walking through flooded roads. Please just avoid the flooded areas for now. Thank you. ‚ÄúEmergency services are working together with other partner agencies to help those affected.‚Äù Flooding was also reported in areas around the city of Norwich in Norfolk, damaging some buildings and leaving roads impassable. In an interview, Weatherquest forecaster Dan Holley told the BBC that parts of Norwich saw 50mm of rain, while Peterborough saw as much as 90mm. ‚ÄúThat‚Äôs nearly two months‚Äô rain in the space of two hours,‚Äù he said. On Friday, parts of #Norwich and #Peterborough were affected by flash floods ‚Äì with some areas receiving nearly two months worth of rain in just a few hours. Meteorologist @DanHolley_ features in this report by @BBCLookEast‚Äòs @JonIronmonger ‚òîÔ∏èhttps://t.co/fIK1XC8lT2 ‚Äî Weatherquest (@weatherquest_uk) July 10, 2021  #Peterborough is dealing with the aftermath of flash floods following heavy rainfall last night. It affected roads in the city centre, which people were asked to avoid. #Cambridgeshire #HeartNews {Vid credit: Diane McGowan} pic.twitter.com/98ZMg8Kagx ‚Äî Heart News East (@HeartNewsEast) July 10, 2021  Torrential rain and parts of #Peterborough in the city centre and leaving the city starting to flood. @BBCLookEast @BBCNorfolk @BBCCambs pic.twitter.com/1Ww6N43jY1 ‚Äî Neve Gordon-Farleigh (@Neve_GF) July 9, 2021  Our crews have been pumping water from the worst affected areas in #Peterborough this evening after heavy rain caused flash flooding. The flood water is now expected to start to subside and no more rain is forecast for tonight. pic.twitter.com/3GJyAUTmlc ‚Äî Cambridgeshire Fire and Rescue Service (@cambsfrs) July 9, 2021  Breaking NewsEngland",https://floodlist.com/europe/united-kingdom/flash-floods-peterborough-july-2021,1,"50, 90",,,"Norfolk, Cambridgeshire, England, Peterborough, Norwich, UK",True,False,True,FlashFlood + Numerics
UK ‚Äì Widespread Flooding After Storm Bella,"28 December, 2020","Heavy rainfall brought by Storm Bella caused flooding across Central England over the last few days,¬† prompting evacuation orders and high water rescues. Strong winds from the storm also caused severe damages and left thousands of households in France and the UK without electricity. The Isle of Wight in southern England saw wind gusts of 170km/h. Heavy rain from the storm caused rivers to break their banks in parts of Norfolk, Cambridgeshire, Bedfordshire, Northamptonshire, Oxfordshire and Worcestershire. Authorities advised residents of 1,300 homes in Bedfordshire to evacuate on 25 December following flooding from the River Great Ouse. Around 40 homes suffered flood damage in the town of Bedford. Around 1,000 people were evacuated from a flooded caravan park at Billing Aquadrome in Northamptonshire after the River Nene broke its banks. A further 20 homes were evacuated in Kettering, Northamptonshire Search and Rescue Services said. Severe flooding was also reported along the Severn in Worcestershire, in particular in areas around the small town of Upton-upon-Severn. Heavy rain caused flash flooding in Oxfordshire on 24 December. About 40 homes were flooded in Witney and Fewcott. In Norfolk, hundreds of families in Thetford, Brandon and Hockwold were advised to leave their homes on 26 December due to the threat of flooding from the rising River Little Ouse. In Cambridgeshire the River Great Ouse broke its banks causing flooding in several areas including the town of St Neots. In North Yorkshire, flash floods overnight, 26 to 27 December prompted high water rescues in Hawes,¬†Aysgarth and Wensley, according to North Yorkshire Fire and Rescue Service. Heavy rainfall was also reported in parts of Scotland. The UK‚Äôs Met Office said that Achnagart recorded 82.6mm of rain in 24 hours to 26 December. The Scottish Environment Protection Agency warned on 26 December that ‚ÄúStorm Bella is bringing wind and rain today which will cause difficult travel conditions, possible flooding of known trouble spots and coastal wave overtopping in the North and West of Scotland. Flood Alerts and Warnings have been issued.‚Äù EnglandFranceScotland",https://floodlist.com/europe/united-kingdom/storm-bella-floods-december-2020,1,82.6,,"Bella, Bella","Norfolk, Hockwold, Brandon, England, Oxfordshire, North Yorkshire, Bedfordshire, Fewcott, Worcestershire, Bedford, France, Witney, Upton, Thetford, Cambridgeshire, Kettering, Scotland, Northamptonshire, UK",True,False,True,FlashFlood + Numerics
UK ‚Äì Floods Prompt Rescues and Evacuations in Wales and South West England,"20 December, 2020","Heavy rainfall swept across parts of the United Kingdom over the weekend 18 to 20 December 2020, causing flash flooding in parts of Wales and South West England. Whitebarrow in Devon recorded 138mm of rain in 24 hours on 18 December, while Princetown in Devon recorded 111mm and Dartmoor 91 mm during the same period, according to the UK‚Äôs Met Office. In Wales, Llyn-y-Fan Blaenau in Carmarthenshire recorded 98mm and Tyn-Y-Waun, Glamorgan 82 mm on 18 December. Roads were closed as a result of flooding in parts of Carmarthenshire. Media reported one person was rescued from a vehicle trapped in flood waters in near Usk in Monmouthshire, south east Wales. Natural Resources Wales said on 19 December that the Ritec river at Tenby ‚Äúremains at its highest recorded level due to a combination of yesterday‚Äôs heavy rainfall and high tides.‚Äù  The flood threat prompted the nearby Kiln Park Caravan Park to close and all residents to leave the site. In southwestern England, Cornwall Fire and Rescue Service evacuated 18 people from a flooded caravan site in Notter Bridge in Saltash, Cornwall after the River Lynher broke its banks. Environment Agency figures from the nearby river gauge at Pillaton show that levels of the river jumped from 0.85m on the evening of 17 December, to a record high of 2.44 metres in the early hours of 19 December, which is well above flood warning mark of 1.5m. River levels are also high in parts of the West Midlands, where flood defences have been set up along rivers in Shrewsbury, Bewdley and Upton-upon-Severn, and flood pumps installed in Worcester. Update 21 December 2020: Flood warnings are now in place for several rivers in northern England, including Yorkshire and Cumbria. In total, there are 11 Flood warnings and 57 Flood alerts across England as of 21 December. Friday was a very wet day for parts of the country, but especially so across the higher ground of #Wales and southwest #England Here is a look at the top 5 wettest places yesterday Data provided by * @EnvAgency and ^@NatResWales pic.twitter.com/WsOFITwbJa ‚Äî Met Office (@metoffice) December 19, 2020  üö®SHOUTSüö® 13:32 & 16:28 Shout 1 was relief at the Notter Bridge flooding, crews have now wrapped up the operation and all residents evacuated. Pics are 18 hours after the initial incident. Shout 2 we attended a 2 car RTC on the A388 Busy 24 hours for Saltash üî• üöíüë®üèª‚Äçüöíüíß pic.twitter.com/belPW2JElX ‚Äî Saltash Community Fire Station (@SaltashCFRS) December 20, 2020  Last night both Saltash pumps were sent to 2 separate incidents involving flooding84P1 was sent to NewBridge while 84P5 was sent to Tideford. Both appliances were pumping water until 4am Meanwhile a number of pumps were also required at Notter Bridge to evacuate due to flooding pic.twitter.com/IVKIRvtijV ‚Äî Saltash Community Fire Station (@SaltashCFRS) December 19, 2020  While river levels are starting to recede in many areas, the River Ritec at Tenby remains at its highest recorded level due to a combination of yesterday‚Äôs heavy rainfall and high tides üìà pic.twitter.com/52S2rySiuA ‚Äî Cyfoeth Naturiol Cymru | Natural Resources Wales (@NatResWales) December 19, 2020  Breaking NewsEnglandWales",https://floodlist.com/europe/united-kingdom/floods-wales-cornwall-december-2020,1,"138, 111, 91, 98, 82","0.85, 2.44, 1.5",,"Worcester, Bewdley, Carmarthenshire, pic.twitter.com/IVKIRvtijV, Cornwall, England, Shrewsbury, Monmouthshire, Tideford, UK, the United Kingdom, Upton, Wales, Saltash",True,True,True,FlashFlood + Numerics
"Europe ‚Äì Storms Cause Flash Flooding and Landslides in UK, France and Italy","13 August, 2020","After days of high temperatures, heavy rainfall brought by summer storms has caused flooding and landslides in parts of the United Kingdom, France and Italy. This follows dramatic flash flooding in southern Spain after almost 50mm of rainfall fell in 1 hour. In the UK, flash flooding was reported in Scotland after heavy rainfall 11 to 12 August, 2020. The Scottish Fire and Rescue Service said it received more than 1,000 emergency calls due to the severe weather. The Scottish Environment Protection Agency (SEPA) said in a statement of 12 August: ‚ÄúFollowing heavy thunderstorms overnight SEPA has a number of Flood Alerts in place and Flood Warnings in Aberdeenshire, Angus and Tayside. Small watercourses responded rapidly to the intense rainfall and localised impacts from these watercourses and small river catchments have been reported in East Lothian, Fife, Perth, and Stonehaven. A number of properties have been flooded in all the areas mentioned and a number of schools and roads have also been closed due to these floods.‚Äù Authorities in Fife declared a ‚Äúmajor incident‚Äù after flash floods caused severe damage across the region. Evacuations were carried out after a landslide near Kinghorn. Some of the worst of the flooding was in Stonehaven, Aberdeenshire, where the heavy rain is also thought to have triggered a landslide near which derailed a train. Three people died and 6 were injured in the derailment. British Transport Police said they will conduct an investigation into the cause of the incident. The capital Edinburgh recorded 43.2 mm of rain in 24 hours to 12 August. The small town of Inverbervie, around 10km south of Stonehaven, recorded 55.2 mm of rain during the same period. As of 13 August, minor flooding was also reported in parts of England, including in parts of Lancashire, Cheshire, Staffordhire, Shropshire and Gloucestershire. The village of Gnosall in Staffordshire recorded 94.8 mm of rain in 24 hours to 12 August. Six flood alerts are in place in England, all in the Midlands area. The UK‚Äôs Met Office have issued Yellow level warnings for thunderstorms across much of England until 17 August. UPDATE ‚Äì Police have confirmed that three people, including the driver, have died after a passenger train derailed near Stonehaven, Aberdeenshire. Read more ‚û°Ô∏è https://t.co/FmX9p458Vf
Live updates ‚û°Ô∏è https://t.co/csywmHkjcR pic.twitter.com/VgZu7zkz8V ‚Äî BBC Scotland News (@BBCScotlandNews) August 12, 2020  Thunderstorms in France caused flooding on 12 August in parts of the northern Normandy Region. Firefighters in the region carried out 464 interventions in the departments of Orne, Calvados and Seine-Maritime. The flooding has disrupted road and rail travel. Argentan in Orne Department recorded 28.6 mm of rain in 1 hour. Saint-Sylvain in Calvados recorded 59.8mm of rain in 3 hours. Localement, il est tomb√© 30 √† 60 mm d‚Äôeau ce soir en Normandie. La Normandie qui vient donc de subir une deuxi√®me soir√©e cons√©cutive d‚Äôorages, pr√©c√©d√©s par des temp√©ratures caniculaires (35¬∞C √† #Rouen et #Lisieux). pic.twitter.com/hApLf2GRy2 ‚Äî La Cha√Æne M√©t√©o (@lachainemeteo) August 12, 2020  #Argentan dans l‚ÄôOrne sous les inondations ce soir apr√®s le passage de la cellule orageuse ! pic.twitter.com/ttTvYciY8c ‚Äî ‚òÄÔ∏èM√©t√©o B-Normandie‚òÄÔ∏è (@NormandieMeteo) August 12, 2020  Officials in Italy report that 3 people died and 2 were injured after heavy rain triggered a landslide in Chiareggio, a small village in the Chiesa in Valmalenco municipality, Sondrio Province in the Lombardy Region on 12 August. Around 180 people have been evacuated from the affected areas. #Sondrio #13agosto 12:00, proseguono senza sosta le attivit√† dei #vigilidelfuoco per la rimozione del fango dopo la frana di ieri in loc. Chiareggio, a Chiesa Valmalenco. Nella notte evacuate alcune baite in prossimita del movimento franoso pic.twitter.com/MmPDq6Bipn ‚Äî Vigili del Fuoco (@emergenzavvf) August 13, 2020  EnglandFranceItalyScotland",https://floodlist.com/europe/europe-storms-august-uk-france-italy,1,"50, 43.2, 55.2, 94.8, 28.6, 59.8, 60",,,"Aberdeenshire, Italy, Chiareggio, England, Inverbervie, the United Kingdom, Stonehaven, Sondrio Province, Argentan, Calvados, Valmalenco, Spain, Shropshire, East Lothian, Edinburgh, Cheshire, France, Kinghorn, the Lombardy Region, Scotland, Staffordhire, UK, Lancashire",True,False,True,FlashFlood + Numerics
UK ‚Äì Mass Evacuations As Dam Threatens to Break,"2 August, 2019","As many as 6,500 people have been evacuated from a town in Derbyshire, England, after the partial collapse of Toddbrook Reservoir dam. Heavy rain over the last few days also caused flooding in neighbouring parts of Cheshire and Greater Manchester, where emergency services rescued over 20 people from flooded properties. Heavy rain over the last few days caused the Toddbrook Reservoir dam to overflow, damaging the dam‚Äôs spillway in circumstances similar to the damaged spillway at Lake Oroville Dam in Northern California in February 2017. Local media report that virtually the whole town of Whaley Bridge was evacuated after the Environment Agency issued a ‚Äúdanger to life‚Äù warning. The agency said: ‚ÄúRiver levels in the River Goyt could still rise rapidly as a result of persistent rain and water coming from Toddbrook Reservoir on 01/08/2019. Evacuation plans are currently underway for the area of Whaley Bridge.‚Äù A military helicopter has been deployed to shore up flood defences and the dam wall. Around 150 firefighters were also on the scene using high-volume pumps to extract water. Areas of northern and central England have seen heavy rain over the last few days. Major flooding was reported in parts of Yorkshire on 30 July, damaging roads and bridges. The following day areas to the south of Manchester saw heavy rain. Firefighters rescued over 20 people from flooded properties in Poynton and Bramhall. Cheshire Fire and Rescue Services said that on 31 July, flash flooding caused major issues in the Poynton, Bollington and Wilmslow, affecting around 60 properties and resulting in a number of road closures. Between 60-90mm of rain fell in 24 hours. The rail line between Manchester Airport and Wilmslow, Cheshire, was blocked due to flooding as was the Manchester Airport link road. The latest aerial pictures from Whaley Bridge, where experts are assessing the damage to the Toddbrook reservoir. pic.twitter.com/Yen3lRADBr ‚Äî BBC Radio Derby (@BBCDerby) August 1, 2019  An RAF Chinook drops sandbags on the Toddbrook Reservoir dam, in a bid to stop the 19th century structure collapsing. More than 2,000 homes are at risk and thousands of people have been evacuated from Whaley Bridge.https://t.co/isuEde9pVE pic.twitter.com/oUpHWWLsck ‚Äî ITV News (@itvnews) August 2, 2019  Further evacuations are taking place downstream of ToddBrook Reservoir in #WhaleyBridge, including areas within #FurnessVale and #NewMills where officers are contacting those affected. Work continues to ensure the structural integrity of the reservoir wall. pic.twitter.com/VywWZbeILY ‚Äî Derbyshire Police (@DerbysPolice) August 1, 2019  @DerbyshireFRS crews being assisted by RAF Chinook #WhaleyBridge pic.twitter.com/lHkseTIkPP ‚Äî Shirebrook Fire Station (@ShirebrookFire) August 2, 2019  Severe Flood Warning for River Goyt at Whaley Bridge due to damage to Toddbrook Reservoir. Please follow advice of emergency services https://t.co/X44AnNKXqV pic.twitter.com/88LO6u6TRn ‚Äî John Curtin (@johncurtinEA) August 1, 2019  Warnings to stay away from the #WhaleyBridge area are continuing. Residents who have been at work, or away from the area, are strongly advised to stay away following advice from the @EnvAgency who have indicated that the incident currently poses a significant threat to life. ‚Äî Derbyshire Police (@DerbysPolice) August 1, 2019  The problem today in the Whaley bridge dam is that its concrete spillway is damaged due to heavy rainfall. Spillways are vital for safe release of flood water. Over-topping of the dam MUST be prevented because the dam could be easily washed away by water #Toddbrook #WhaleyBridge pic.twitter.com/xv92Rw6vEX ‚Äî Dr Mohammad Heidarzadeh (@Mo_Heidarzadeh) August 1, 2019  Move back to England they said, it will be fun they said! This was last night, thankfully the waters have now receded. Many thanks to the locals who helped and to the fire department. Let the clean up commence! #Cheshire #Bollington #Flood pic.twitter.com/x4gOjdczdL ‚Äî Lorna Hale (@HookeHaleKidney) August 1, 2019  We are working with partner agencies to respond to recent emergency flooding incidents, find out more about our recovery response here #CheshireEastFloods https://t.co/vvKVxWiniV pic.twitter.com/hk0vAjUabf ‚Äî Cheshire East (@CheshireEast) August 1, 2019  Incredible hydrograph for Swale at Grinton Bridge ‚Äì 2.5m rise in just a few minutes (note this is raw data). All our latest flood warnings here https://t.co/K5GUW3z87V #GrintonBridge #FloodAware pic.twitter.com/UlTj4BTyIx ‚Äî John Curtin (@johncurtinEA) August 1, 2019  Breaking NewsEngland",https://floodlist.com/europe/united-kingdom/toddbrook-reservoir-dam-august-2019,1,90,2.5,,"England, Bramhall, Wilmslow, Poynton",True,True,True,FlashFlood + Numerics
UK ‚Äì Flash Floods Cause Severe Damage in North of England,"31 July, 2019","A bridge was destroyed and roads washed away after torrential rain caused flash flooding in parts of northern England on 30 and 31 July, 2019. The worst of the damage was seen in the Yorkshire Dales National Park area. North Yorkshire Fire and Rescue Service said it received about 115 calls to flooding in Leyburn and Reeth during the evening of 30 July. A spokesman said: ‚ÄúWe had several appliances, as well as our swift water rescue teams and high-volume pumping appliance within the area attending various incidents involving flooded properties and cars stuck in flood water.‚Äù A small bridge over a stream near Grinton was destroyed and a road near Richmond was washed away by the flooding. Swaledale Mountain Rescue Team said via Social Media: ‚ÄúPlease note heavy flooding on all roads in the Swaledale area only travel if essential as many routes impassable. Although water levels are slowly easing some bridges are ‚Äòout‚Äô & lots of debris on the roads.‚Äù A landslip on 30 July blocked train tracks between Carlisle and Skipton, disrupting rail travel. The BBC reported that Malham Tarn in the Yorkshire Dales recorded 3.2 inches (82.2mm) of rain in 24 hours, the majority in the space of four hours. The monthly average in the area for this time of year is 3.5in (89mm). Heavy rain on 31 July flooded railway tracks between Manchester and Stoke-on-Trent, causing severe travel disruption. As of 31 July, the Environment Agency had 9 flood warnings and 33 flood alerts in place for areas of northern and central England. More rain is expected and the UK‚Äôs Met Office has issued a yellow warning for rain in the north of England and western parts of Scotland. The Met Office said: ‚ÄúSome parts of northern England could see as much as 40-60mm of rain through Wednesday, while thunderstorms could produce as much as 30-40mm in one to two hours.‚Äù A yellow severe weather warning for #rain has been updated: https://t.co/QwDLMfRBfs Stay #weatheraware @metofficeuk pic.twitter.com/abHCVaJYfn ‚Äî Met Office (@metoffice) July 31, 2019  Literally stranded on road near Leyburn with both ends flooded and nowhere to go!! pic.twitter.com/IcJieqpnE5 ‚Äî Mark Worrall (@ChesterBluey) July 30, 2019  Lots of reports of flash flooding around Leyburn and Reeth so please take care if you're driving in that area. Remember if a road is flooded and you don't know how deep the water is, don't risk driving through it. ‚Äî North Yorkshire Fire & Rescue Service (@NorthYorksFire) July 30, 2019  Langthwaite after a reported 5 inches of rain today #YorkshireDales pic.twitter.com/qYdmsMgi5M ‚Äî Robin Miller (@UnderstandData) July 30, 2019  Roads closed, homes flooded and bridge washed away as flash floods hit the #Yorkshire Dales https://t.co/A5MhLXemAb pic.twitter.com/zP8oGcd0qp ‚Äî Peter Barron (@PeteBarronMedia) July 30, 2019  Some serious flooding in Swaledale. Trapped in Grinton at present by floodwater,   ollapsed bridges and landslips pic.twitter.com/3V2nqnRHdY ‚Äî Robert Brown (@DalesAngler) July 30, 2019  Breaking NewsEngland",https://floodlist.com/europe/united-kingdom/flash-floods-yorkshire-july-2019,1,"82.2, 89, 60, 40",5,,"Reeth, Leyburn, England, Grinton, Scotland, UK, Swaledale, Richmond",True,True,True,FlashFlood + Numerics
UK ‚Äì Rescues After Heavy Rain Causes Floods in Scotland,"25 June, 2019","Hours of heavy rain on 24 June caused flash flooding in Scotland‚Äôs capital Edinburgh and other eastern and central parts of the country. The Scottish Environment Protection Agency (Sepa) said on 24 June via Social Media, ‚ÄúIntense rainfall continues to move north across central belt and eastern Scotland, resulting in surface water disruption on urban roads and transport links.‚Äù The Scottish Fire and Rescue Service said firefighters worked throughout East and Central Scotland with partners to protect communities and property as torrential rain caused widespread localised flooding. In Edinburgh, flooded streets caused problems for the city‚Äôs drivers and public transport. Tram services were temporarily suspended in some areas after flood water had covered tracks. According to the UK‚Äôs Met Office, Edinburgh saw 44.4mm of rain in 24 hours to 24 June. In Stirling, central Scotland, heavy rain caused damage to several buildings including a supermarket. The Scottish Fire and Rescue Service reported that they rescued 14 people stranded in a flooded building during the evening of 24 June. Surface flooding was also reported in the town of Kirkcaldy on the east coast, where several public buildings were closed as a result. https://twitter.com/metoffice/status/1143119457512017928 A man has been filmed sitting on top of a car during floods in Edinburgh. Read more about the flooding in the city https://t.co/Ohfcb1XoeX pic.twitter.com/7tXVV3XXiu ‚Äî BBC Scotland News (@BBCScotlandNews) June 24, 2019  Breaking NewsScotland",https://floodlist.com/europe/united-kingdom/floods-scotland-edinburgh-stirling-june-2019,1,44.4,,,"Stirling, Scotland, Kirkcaldy, UK, Edinburgh",True,False,True,FlashFlood + Numerics
UK ‚Äì 1 Man Dead as Severe Floods Hit West Midlands and Wales,"28 May, 2018","A stormy holiday weekend (26 to 28 May, 2018) in the UK saw 136,000 lightning strikes across the country, along with heavy rainfall and flooding in the West Midlands and parts of Wales. Police say that an elderly man has died after his car was submerged in water during the flooding in Rushall, an area of Walsall in the West Midlands, about 15 km north of Birmingham. In a statement, West Midlands Police said ‚ÄúA man has died after his vehicle was submerged in flood water in Walsall following flash flooding that hit the region. Police were called to Lichfield Road, Rushall, just after 2am today (Monday 28 May) to reports that a vehicle had entered the water. The victim, who is believed to be in his 80s, was taken to hospital but pronounced dead a short time later.‚Äù A number of roads in the Birmingham area, including Walsall, were badly affected by the flooding after torrential rain fell overnight. Warwickshire Fire and Rescue Service (WFRS) said their control room was extremely busy dealing with flooding calls and crews have visited many properties to assist where they can with flooding. WFRS Technical Rescue Unit said they carried out multiple rescues from cars, buses and homes. WFRS asked people to avoid the areas of Flecknoe, Willoughby and Lower Shuckburgh which were affected by fast flowing water late on 27 May. Warwickshire police reported flooding in the Lapworth and Hockley Heath areas, Lower Shuckburgh, Earlswood Lakes and Rugby. Five buildings in Warwickshire were struck by lightning during the storm. Flood water up to 1 metre was reported in Welshpool, Powys, about 75 km west of Walsall and flooded areas of Birmingham. Homes, roads and vehicles were damaged as well as the Victoria Memorial Hospital, according to local media. The UK‚Äôs Met Office said that Winterbourne in Edgbaston (Birmingham), recorded 53.6 mm of rainfall in just one hour on Sunday afternoon, and 93.6 mm in a 24-hour period. The May monthly average for the area is around 55 mm. Bala in Gwynedd, about 40 km north west of¬†Welshpool, recorded 54 mm of rain in 24 hours. The Met Office had issued an Orange (mid-level) warning for heavy rain across a narrow patch over North Wales and the West Midlands. Social Media Hydrographs from 2 #birmingham rivers yesterday show the very fast reaction to the storms. Levels then fall back almost as fast. Typical of small urban rivers which have relatively small but built up catchments allowing very rapid runoff. pic.twitter.com/aWgTO7PdTG ‚Äî Dave Throup (@DaveThroupEA) May 28, 2018  We live in Aldridge. Note its on a hill, a big hill. We got very wet today! Possibly more than 80mm in a couple of hours. Never, no never, seen rain like we had today. Checking my Dad, wading through sewage, it's been better üôÇ pic.twitter.com/3igFZzzU63 ‚Äî Mad Old Baggage (@No1LindaMason) May 27, 2018  Sunday saw some torrential #thunderstorms develop across some southern and central parts of the UK. Winterbourne recorded well over the average monthly rainfall for May, with 53.6mm of rain falling in an hour. Here are the extremes‚Ä¶ pic.twitter.com/NZNZtKU2bi ‚Äî Met Office (@metoffice) May 27, 2018  SUMMER 2018 here we come!! #SellyOak #Birmingham #Holiday #Alwayswantedapool pic.twitter.com/OZhevfRuDc ‚Äî Alexander Walters (@AWalters_) May 27, 2018  Challenging incident today, wide area urban flooding. Multiple rescues from cars, buses & homes. pic.twitter.com/SLXxb0kPIE ‚Äî Technical Rescue (@TechRescueWMFS) May 27, 2018  Breaking NewsEnglandWales",https://floodlist.com/europe/united-kingdom/floods-wales-west-midlands-may-2018,1,"53.6, 93.6, 55, 54, 80, 53.6",,,"Walsall, the West Midlands, Flecknoe, Rushall, Orange, Welshpool, Gwynedd, UK, Birmingham, Warwickshire, Edgbaston, North Wales, Aldridge, Wales",True,False,True,FlashFlood + Numerics
"UK ‚Äì Flash Flooding in England Leaves Drivers Stranded, Travel Disrupted","25 September, 2019","Heavy rain on 24 September caused localised flash flooding across parts of England, causing havoc for traffic and public transport. At one point the Environment Agency issued 39 alerts and 12 warnings. Boscombe Down in Wiltshire recorded the day‚Äôs highest rainfall total with 55.8 mm. Local media reported flooded roads in parts of the North West, Midlands and the South East including London. The UK‚Äôs Met Office spokesman Grahame Madge said: ‚ÄòThis pattern of very unsettled weather will remain right through until the weekend before another deep low arrives on Sunday. ‚ÄòThis is due to the jet stream which has moved over the south of the UK and is steering unsettled weather in from the Atlantic. ‚ÄòThere will be some quite intense rainfall through the next week and the risk of strong winds in parts of the country.‚Äô Thousands of commuters in London were hit by severe delays with railway lines flooded and tube stations closed. Fire fighters in Buckinghamshire were called on to rescue people from vehicles trapped in flood water in areas around Ibstone. In Liverpool, vehicles were also trapped in floodwater according to Mersey Fire and Rescue Service. Local media said flooding swamped the West Derby area, along with parts of the motorway network which hindered traffic on the M53 and M57. In the Midlands, flooded roads were reported in central Birmingham, as well as along stretched of the busy M6 and M5 motorways. Surface flooding was also reported in Wellingborough in Northamptonshire, Kimberly, in Nottinghamshire, and parts of Eccleshall and Tamworth in Staffordshire. Our crews have been called to reports of cars trapped in flood water this morning on Queens Drive & West Derby. If you're driving this morning, please take extra care. Slow down, increase your distances, switch your lights on & please don't drive into flood water. https://t.co/Eu7Z7w9EnN ‚Äî Mersey Fire (@MerseyFire) September 24, 2019  We have been called to cars stuck in floodwater in Ibstone and Lane End so far this morning. Please take care on wet roads, and don't any risks! ‚Äî Bucks and MK Fire (@Bucksfire) September 24, 2019  Heavy rain and thunderstorms affecting much of England and Wales, with flooding possible in a few places. Brighter and showery in southern, western and central areas later. Rain reaching parts of southern Scotland but much of northwestern Britain brighter. https://t.co/Hjw1otqXUL pic.twitter.com/EKsDLZzdAu ‚Äî Met Office (@metoffice) September 24, 2019  https://twitter.com/LashanStuff/status/1176546196204204033 It's even raining inside Liverpool Street Station pic.twitter.com/2aEUoc4cCo ‚Äî Charlotte Callear (@CharCallear) September 24, 2019  England",https://floodlist.com/europe/united-kingdom/england-flash-floods-24-september-2019,1,55.8,,,"Wiltshire, Ibstone, Staffordshire, England, Nottinghamshire, pic.twitter.com/EKsDLZzdAu, Liverpool, Scotland, Northamptonshire, Britain, UK, West Derby, Birmingham, Buckinghamshire, Tamworth, Wellingborough, Wales, London",True,False,True,FlashFlood + Numerics
